Price,Close,High,Low,Open,Volume,MA20,Days,Predicted
Ticker,AAPL,AAPL,AAPL,AAPL,AAPL,,,
2023-01-31,141.8819122314453,141.9310807734851,139.90546287615942,140.31845162185502,65874500,133.51299285888672,0,150.9916100819971
2023-02-01,143.00291442871094,144.16322923439725,138.96152054070433,141.56728874190614,77663600,134.51400337219238,1,151.15369001321216
2023-02-02,148.30296325683594,148.65694079146772,145.69718026187857,146.4149930473278,118339000,135.71659202575682,2,151.31576994442722
2023-02-03,151.92156982421875,154.75351068440185,145.36288637728777,145.55954560277002,154357300,137.1659927368164,3,151.4778498756423
2023-02-06,149.1977996826172,150.5449461888697,148.2636570715711,150.02379246889225,69858300,138.25304412841797,4,151.63992980685737
2023-02-07,152.0690460205078,152.63936822302708,148.12597415973434,148.12597415973434,83322600,139.45760116577148,5,151.80200973807243
2023-02-08,149.38461303710938,152.0002240332312,148.64712974900903,151.31190929849808,64120100,140.49941864013672,6,151.9640896692875
2023-02-09,148.35211181640625,151.75437415824857,147.90962490884843,151.21355015828513,56007100,141.353914642334,7,152.12616960050255
2023-02-10,148.71652221679688,149.04151212756338,146.95371454850684,147.19007494553122,57450700,142.23056411743164,8,152.28824953171764
2023-02-13,151.51341247558594,151.91717418893083,148.62790397291747,148.65744714640496,62199000,143.18068466186523,9,152.4503294629327
2023-02-14,150.87326049804688,151.43461079325414,148.56880303013764,149.8096612758476,61707600,144.04078216552733,10,152.61240939414776
2023-02-15,152.97093200683594,153.13834833360136,150.55814431502776,150.7846469892343,65573800,145.04165344238282,11,152.77448932536282
2023-02-16,151.37551879882812,153.95572244720177,151.02098573800205,151.17854429955682,68167900,145.959806060791,12,152.9365692565779
2023-02-17,150.23313903808594,150.67630162569367,148.55896091432058,150.03617955770974,59144100,146.69300842285156,13,153.09864918779297
2023-02-21,146.22496032714844,149.00213887625634,146.15603126407484,147.9188390818426,58867200,147.06650390625,14,153.26072911900803
2023-02-22,146.64840698242188,147.67260518894304,144.92498541296462,146.60900607426132,51011300,147.391357421875,15,153.4228090502231
2023-02-23,147.1309814453125,148.05670759936388,145.00379786650186,147.8105044744373,48394200,147.7732795715332,16,153.58488898143816
2023-02-24,144.4818572998047,144.9545631210652,143.5068874555982,144.87577631301392,55469600,147.91949844360352,17,153.74696891265324
2023-02-27,145.67344665527344,146.90446214048941,145.21058363066865,145.46664446890208,44998500,148.02844314575196,18,153.9090488438683
2023-02-28,145.1712188720703,146.81585399639758,144.60002580056587,144.81668575965537,50547000,148.25632934570314,19,154.07112877508337
2023-03-01,143.1030731201172,144.99391093566584,142.80762642427203,144.59999202590106,55479000,148.31738739013673,20,154.23320870629843
2023-03-02,143.69400024414062,144.48185327566276,141.7145174362223,142.1872382713636,52238100,148.3519416809082,21,154.3952886375135
2023-03-03,148.7362518310547,148.8150386455079,145.09244806812092,145.79165662743975,70732300,148.37360610961915,22,154.55736856872858
2023-03-06,151.49371337890625,153.926201531547,151.1293375512549,151.4543124625378,87558000,148.35221328735352,23,154.71944849994364
2023-03-07,149.29757690429688,151.69066400049135,148.83471383986452,151.36567408118486,56182000,148.3572021484375,24,154.8815284311587
2023-03-08,150.5482635498047,151.1391569879468,149.5240652876753,150.48917721139935,47204800,148.28116302490236,25,155.04360836237376
2023-03-09,148.3028564453125,152.19286138999811,147.94832347409573,151.22774970109054,53833600,148.2270751953125,26,155.20568829358885
2023-03-10,146.24462890625,148.64757336129242,145.3681465462101,147.92866457828165,68572400,148.1217010498047,27,155.3677682248039
2023-03-13,148.1847686767578,150.81421679148337,145.45683328087654,145.56516327932812,84457100,148.09511337280273,28,155.52984815601897
2023-03-14,150.27252197265625,151.07021762009597,147.82034869008896,148.98242012042218,73695900,148.03306884765624,29,155.69192808723403
2023-03-15,150.6664581298828,150.92250395033966,147.64307677577528,148.8937927615987,77167900,148.02272872924806,30,155.8540080184491
2023-03-16,153.48301696777344,154.08375312665916,149.33695019463687,149.84905684492745,76161100,148.04833297729493,31,156.01608794966418
2023-03-17,152.6459503173828,154.35952962100535,151.9368840556802,153.70954970993674,98944600,148.11185455322266,32,156.17816788087924
2023-03-20,155.0094757080078,155.42311016638172,151.80883520237765,152.71487589238697,73641400,148.35067138671874,33,156.3402478120943
2023-03-21,156.8609161376953,156.9790888157361,154.1625247817563,154.93069227015488,73938300,148.8824691772461,34,156.50232774330937
2023-03-22,155.43292236328125,159.67746084227036,155.41322191031108,156.8805976022137,75701800,149.32169494628906,35,156.66440767452443
2023-03-23,156.51622009277344,159.09643867673987,155.28520465118157,156.41774787367245,67622100,149.79095687866212,36,156.82648760573952
2023-03-24,157.81619262695312,157.90482213956633,155.45264879499626,156.44730394409444,59196500,150.45767364501953,37,156.98856753695458
2023-03-27,155.87612915039062,158.3283178086609,155.4723523985585,157.51092158923748,52390300,150.9678077697754,38,157.15064746816964
2023-03-28,155.25567626953125,156.0829301456233,153.6110412861723,155.57082346557496,45992200,151.47203063964844,39,157.3127273993847
2023-03-29,158.32826232910156,158.6040085442053,156.92983080192064,156.94951622654114,51305700,152.23329010009766,40,157.4748073305998
2023-03-30,159.89414978027344,160.00247975071784,158.82070781762587,159.07675364456477,49501700,153.0432975769043,41,157.63688726181485
2023-03-31,162.39559936523438,162.49408664068446,159.4510191700869,159.97296867046583,68749800,153.72626495361328,42,157.7989671930299
2023-04-03,163.64627075195312,163.76444342844442,161.725889623748,161.7751332479675,56976200,154.33389282226562,43,157.96104712424497
2023-04-04,163.11447143554688,164.3060859426903,162.6023648150906,164.0697406002056,46278300,155.0247375488281,44,158.12312705546003
2023-04-05,161.27285766601562,162.54327395468036,159.3426339632527,162.23798454444034,51511700,155.56096725463868,45,158.28520698667512
2023-04-06,162.1592254638672,162.45467221127325,159.53962067833683,159.96308282888376,45390100,156.2537857055664,46,158.44728691789018
2023-04-10,159.5691375732422,159.5691375732422,157.6487565719111,158.96840146235982,47716900,156.920011138916,47,158.60936684910524
2023-04-11,158.3578643798828,159.89416958590462,158.07226031922266,159.88432686993428,47644200,157.42866592407228,48,158.7714467803203
2023-04-12,157.66847229003906,159.59869619161648,157.35332510698044,158.77145737665472,50133100,157.7984634399414,49,158.93352671153536
2023-04-13,163.04554748535156,163.28190788405584,158.96842452673738,159.1752417539843,68445600,158.41741790771485,50,159.09560664275045
2023-04-14,162.70086669921875,163.794009087704,161.33197803499354,162.09027277975596,49386500,158.8783103942871,51,159.25768657396551
2023-04-17,162.7205810546875,162.87815467656333,161.53880894471416,162.58270789230806,41516200,159.38204193115234,52,159.41976650518058
2023-04-18,163.9417266845703,164.8674527745674,163.13417327770642,163.5773508935462,49923000,159.82865447998046,53,159.58184643639564
2023-04-19,165.08412170410156,165.60607111909823,163.02585218946155,163.2819130529251,47720200,160.23981475830078,54,159.7439263676107
2023-04-20,164.1189727783203,165.3204450523275,163.04553091898333,163.56748026442403,52456400,160.67411727905272,55,159.9060062988258
2023-04-21,162.5137176513672,163.92199192078084,161.99176837404192,162.54326081596733,58337300,160.97399215698243,56,160.06808623004085
2023-04-24,162.81903076171875,163.08493430890758,161.40089854610392,162.49404087672,41949600,161.2241340637207,57,160.2301661612559
2023-04-25,161.2827606201172,163.78417796430023,161.2433597017252,162.68119268208375,48714100,161.49446563720704,58,160.39224609247097
2023-04-26,161.27285766601562,162.76977657727082,160.32744626830737,160.58349205788602,45498800,161.79532470703126,59,160.55432602368606
2023-04-27,165.85223388671875,165.9999497127407,162.6811372537476,162.6811372537476,64902300,162.1715232849121,60,160.71640595490112
2023-04-28,167.10296630859375,167.27039764589344,165.33031595199535,165.93105213681218,55275900,162.53196411132814,61,160.87848588611618
2023-05-01,167.01434326171875,167.86128258741087,166.07877442017465,166.70905380019818,52472900,162.76290130615234,62,161.04056581733124
2023-05-02,165.9803009033203,167.76282424517206,164.99548835131355,167.5067633643402,48425700,162.8796028137207,63,161.2026457485463
2023-05-03,164.90682983398438,168.32412999077732,164.62124085601573,166.9256982160475,65136000,162.96922073364257,64,161.3647256797614
2023-05-04,163.27206420898438,164.50307988258416,161.81454585901537,162.38573893481126,81235400,163.069181060791,65,161.52680561097645
2023-05-05,170.93389892578125,171.65280778469676,168.1665634032941,168.38322333782398,113453200,163.5079147338867,66,161.6888855421915
2023-05-08,170.86492919921875,171.2096195052504,169.49604074216262,169.86041647416434,55962800,164.07270431518555,67,161.85096547340657
2023-05-09,169.16123962402344,170.9043468501181,168.993823309898,170.42179836441701,45326900,164.61287307739258,68,162.01304540462166
2023-05-10,170.92404174804688,171.38690478906514,169.28924951921832,170.39224965147537,53724500,165.27565155029296,69,162.17512533583673
2023-05-11,171.11114501953125,171.9383837832071,169.55513971049686,171.2096322648924,49514700,165.67893142700194,70,162.3372052670518
2023-05-12,170.1841583251953,171.653548851867,168.6358569767775,171.21962961924467,45533100,166.05309600830077,71,162.49928519826685
2023-05-15,169.69110107421875,170.8153397179057,169.0993901889802,170.766027969497,37266700,166.40162200927733,72,162.6613651294819
2023-05-16,169.69110107421875,170.74630026056693,169.4248296710781,169.61220528633143,42110300,166.68909072875977,73,162.823445060697
2023-05-17,170.302490234375,170.53916250241704,168.06386972955488,169.3360433616003,57951600,166.95000915527345,74,162.98552499191206
2023-05-18,172.62986755371094,172.81724313624747,170.19401507639674,170.60820660461047,65496700,167.37555389404298,75,163.14760492312712
2023-05-19,172.73834228515625,173.9513327998332,172.5213826746833,173.9513327998332,55809500,167.88678512573242,76,163.30968485434218
2023-05-22,171.79161071777344,172.2945693897219,171.05197977463047,171.57465110395842,43570900,168.33541412353514,77,163.47176478555724
2023-05-23,169.18807983398438,170.98292448804304,168.9119522022565,170.73638088486976,50747300,168.7306800842285,78,163.63384471677233
2023-05-24,169.46421813964844,170.03620114077688,168.16247565777167,168.7245872835419,45143500,169.14024810791017,79,163.7959246479874
2023-05-25,170.59835815429688,171.49576564962197,169.31632809947834,170.02637505144457,56058300,169.37755432128907,80,163.95800457920245
2023-05-26,173.00462341308594,173.33993425328168,170.71670589408566,170.92380920574092,54835000,169.67263717651366,81,164.1200845104175
2023-05-30,174.84877014160156,176.51540772383512,174.1288668535482,174.51347436884586,55964400,170.06435852050782,82,164.28216444163257
2023-05-31,174.79945373535156,176.87042648421155,174.3162227478627,174.87834951174753,99625300,170.50531616210938,83,164.44424437284766
2023-06-01,177.60020446777344,177.6297885060057,174.4838886927619,175.24324745233199,68901800,171.13998489379884,84,164.60632430406272
2023-06-02,178.44830322265625,179.26683000310032,176.7816656255451,178.52719900186148,61996900,171.89879684448243,85,164.76840423527779
2023-06-05,177.09722900390625,182.39298156722955,175.57851175717974,180.10506441660397,121946500,172.20696334838868,86,164.93048416649285
2023-06-06,176.7323760986328,177.62978364684957,174.97697127382227,177.48186345973468,64848400,172.50033569335938,87,165.0925640977079
2023-06-07,175.36158752441406,178.70471906299082,174.86850018805862,175.9730110061888,61944600,172.81035308837892,88,165.254644028923
2023-06-08,178.07357788085938,178.33983422301452,175.00657387447097,175.44047811466785,50214900,173.16782989501954,89,165.41672396013806
2023-06-09,178.4581756591797,179.71060666093933,178.13273621096323,178.99070336218668,48900000,173.53518142700196,90,165.57880389135312
2023-06-12,181.24903869628906,181.34766218390052,178.468033910057,178.76388932505995,54274900,174.08842544555665,91,165.74088382256818
2023-06-13,180.77566528320312,181.60404834381112,179.91769818813273,180.2727216495119,54929100,174.64265365600585,92,165.90296375378327
2023-06-14,181.4068145751953,181.84073380664427,179.50350482104812,180.83483150172444,57462900,175.2284393310547,93,166.06504368499833
2023-06-15,183.4383544921875,183.9413132306641,181.23918907707676,181.4167083517838,65433200,175.8852325439453,94,166.2271236162134
2023-06-16,182.36341857910156,184.4048073735327,181.7224110612984,184.14839232814637,101256200,176.37191009521484,95,166.38920354742845
2023-06-20,182.4521484375,183.52709013546678,181.8604527350327,181.8604527350327,49799100,176.85760040283202,96,166.5512834786435
2023-06-21,181.4166717529297,182.8466218007744,180.06560242478363,182.34366316376426,49515700,177.33885345458984,97,166.7133634098586
2023-06-22,184.41464233398438,184.46395407144706,181.1306792503188,181.19971869233248,51245300,178.10018157958984,98,166.87544334107366
2023-06-23,184.0990753173828,184.96691381940127,182.45216546765664,182.98470820219737,53117000,178.83192443847656,99,167.03752327228872
2023-06-26,182.70858764648438,185.45015206010262,182.66913223239737,184.2470177435845,48088700,179.43743591308595,100,167.19960320350378
2023-06-27,185.45999145507812,185.78543087633778,183.10303478095216,183.31999439512526,50730800,180.06020431518556,101,167.36168313471887
2023-06-28,186.633544921875,187.27455239917202,185.00636283468697,185.33178721386028,51216800,180.64944305419922,102,167.52376306593393
2023-06-29,186.96884155273438,187.4422162021352,186.32783407243755,186.4658979165552,46347300,181.25791244506837,103,167.685842997149
2023-06-30,191.2882843017578,191.79122791985353,188.6157445714927,188.98063939826477,85213200,181.94231643676758,104,167.84792292836406
2023-07-03,189.79917907714844,191.19954526937022,189.10884478636748,191.10092178559267,31458200,182.50986022949218,105,168.01000285957912
2023-07-05,188.68478393554688,190.311965971159,187.98459336367247,188.92147125163748,46920300,183.08923797607423,106,168.1720827907942
2023-07-06,189.1581573486328,189.36526064633148,186.5842409083175,187.21539208287066,45094300,183.7105270385742,107,168.33416272200927
2023-07-07,188.0437774658203,190.0062704618662,187.60987325439862,188.76369580404943,46815000,184.34463653564453,108,168.49624265322433
2023-07-10,186.00238037109375,187.36330604998784,184.45407912216882,186.6433878022031,59922200,184.74107666015624,109,168.6583225844394
2023-07-11,185.47972106933594,186.68285528837708,184.02018687082855,186.5447914459214,46638100,185.09215393066407,110,168.82040251565445
2023-07-12,187.1463623046875,189.04967210294507,185.86433228601203,187.05759515232103,60750200,185.38702011108398,111,168.98248244686954
2023-07-13,187.90574645996094,188.5467691314798,187.1562590025009,187.8663060876036,41342300,185.74352416992187,112,169.1445623780846
2023-07-14,188.0536346435547,188.53685056119244,187.00829198764853,187.59998771190843,41616200,186.07586517333985,113,169.30664230929966
2023-07-17,191.3080291748047,191.6334686208352,189.1581605746784,189.2469126832782,50520200,186.4693489074707,114,169.46872224051472
2023-07-18,191.05157470703125,191.64328540459255,189.75968856677812,190.67683864321535,48288200,186.90375671386718,115,169.63080217172978
2023-07-19,192.4026641845703,195.48938034906212,189.9865244553515,190.4303150490968,80507300,187.4012825012207,116,169.79288210294487
2023-07-20,190.45993041992188,193.75375040663724,189.8386355247165,192.39282446393295,59581200,187.85344543457032,117,169.95496203415993
2023-07-21,189.28636169433594,192.2744696321092,188.5861710830146,191.41650251566858,71951700,188.0970314025879,118,170.117041965375
2023-07-24,190.08514404296875,192.21528467718613,189.59205676918674,190.73602285584008,45377800,188.39633483886718,119,170.27912189659006
2023-07-25,190.94313049316406,191.75180092732498,190.25281124926505,190.65714646634552,37283200,188.80806198120118,120,170.44120182780512
2023-07-26,191.81097412109375,192.93521264770516,190.64729522856234,190.9924473358141,47471900,189.12561111450196,121,170.6032817590202
2023-07-27,190.54867553710938,194.4736466049838,189.88794029801272,193.3099676892758,47460200,189.32136764526368,122,170.76536169023527
2023-07-28,193.12257385253906,193.91151654263126,191.4559363697747,191.97860770429688,48291400,189.6290542602539,123,170.92744162145033
2023-07-31,193.73397827148438,193.7734336784224,192.560428204252,193.3493708168966,38824100,189.75133895874023,124,171.0895215526654
2023-08-01,192.90562438964844,194.01013518521242,192.5801849485631,193.52691923606866,35175100,189.90666122436522,125,171.25160148388048
2023-08-02,189.91749572753906,192.48154051645844,189.19759252290805,192.34347668203839,50389300,189.96829681396486,126,171.41368141509554
2023-08-03,188.52700805664062,189.71041463976601,188.0536484329567,188.92148694956984,61235200,189.93673934936524,127,171.5757613463106
2023-08-04,179.47393798828125,184.7894189873242,179.40489853673822,182.95513345446872,115956800,189.50824737548828,128,171.73784127752566
2023-08-07,176.37734985351562,180.59817633552169,174.8980878140883,179.61200164257014,97576100,189.02699584960936,129,171.89992120874075
2023-08-08,177.314208984375,177.77771228390873,175.12490000933562,177.20572916857282,67823000,188.61872024536132,130,172.0620011399558
2023-08-09,175.72645568847656,178.42856448196,174.56276182695083,178.3693964131728,60378500,188.04772491455077,131,172.22408107117087
2023-08-10,175.50950622558594,178.25107058876787,175.14462641506705,176.9986245515979,54686900,187.42791290283202,132,172.38616100238593
2023-08-11,175.56875610351562,176.38838822312198,174.34425781198718,175.10464195853916,52036700,186.80366897583008,133,172.548240933601
2023-08-14,177.2178955078125,177.44501774834183,175.09474782272636,175.74650562753334,43675600,186.09916229248046,134,172.71032086481608
2023-08-15,175.23300170898438,177.23763842738072,174.8380051896738,176.64514364841483,43622600,185.30823364257813,135,172.87240079603114
2023-08-16,174.36399841308594,176.30937200366554,174.29486573787133,174.91699954220002,46964900,184.40630035400392,136,173.0344807272462
2023-08-17,171.82608032226562,175.2922216904398,171.3125728746346,174.92684921501044,66062900,183.4746078491211,137,173.19656065846127
2023-08-18,172.30996704101562,172.9123464424467,169.81157749118245,170.14732599213767,61172200,182.62578811645508,138,173.35864058967633
2023-08-21,173.6431121826172,173.92949746098708,171.56935789788312,172.88274314562352,46311900,181.8036865234375,139,173.52072052089142
2023-08-22,175.0157470703125,175.46012191641384,174.04799506153495,174.8478727981476,42038900,181.00731735229493,140,173.68280045210648
2023-08-23,178.85711669921875,179.28175219727777,176.1019810531239,176.28960964053493,52722800,180.35962448120117,141,173.84488038332154
2023-08-24,174.17636108398438,178.83739189345877,173.81097351698816,178.41275636104422,54945800,179.54100875854493,142,174.0069603145366
2023-08-25,176.37850952148438,176.91175631972774,173.62337343895007,175.16388093182096,51449600,178.70380554199218,143,174.16904024575166
2023-08-28,177.93875122070312,178.33374768816518,176.31924159506977,177.83999456976295,43820700,177.91404418945314,144,174.33112017696675
2023-08-29,181.81967163085938,182.5899254092932,177.25739693272806,177.45489519701718,53003900,177.35974655151367,145,174.4932001081818
2023-08-30,185.30555725097656,185.50307057198083,182.43192527543482,182.62942352828824,60813900,177.12914962768554,146,174.65528003939687
2023-08-31,185.52279663085938,186.75717945843076,185.1376697913831,185.49317264844964,60794500,176.97893905639648,147,174.81735997061193
2023-09-01,187.0929412841797,187.54718572230075,185.92767607044595,187.1225652663115,45766500,177.3598892211914,148,174.979439901827
2023-09-05,187.32992553710938,187.60642607121574,185.26604116890505,185.92766852324166,45280000,177.9075180053711,149,175.14151983304208
2023-09-06,180.62478637695312,186.4905763861184,179.20277485131902,186.04618648324464,81755800,178.073046875,150,175.30359976425714
2023-09-07,175.34161376953125,175.98350189646143,171.37183427986267,172.99134398653018,112488800,178.05380477905274,151,175.4656796954722
2023-09-08,175.953857421875,177.9881329660241,175.56873058484743,176.121746745329,65551300,178.07602233886718,152,175.62775962668726
2023-09-11,177.119140625,178.0473990105972,175.12437356668377,177.82027676778657,58953100,178.1535415649414,153,175.78983955790235
2023-09-12,174.09735107421875,177.87950173703112,172.6358460753217,177.24749835360407,90370200,177.9975143432617,154,175.95191948911742
2023-09-13,172.03346252441406,175.08485308011382,171.80632524830068,174.30471474035696,84267900,177.8375373840332,155,176.11399942033248
2023-09-14,173.5443572998047,173.89986015970092,171.4113401404273,171.82609096561458,60895800,177.79655532836915,156,176.27607935154754
2023-09-15,172.823486328125,174.29487626046748,171.64836639188815,174.27512191376346,109259500,177.8464256286621,157,176.4381592827626
2023-09-18,175.7465057373047,177.13889330258442,173.96899129951683,174.27511585610648,67257600,178.01825256347655,158,176.6002392139777
2023-09-19,176.83274841308594,177.38574949277796,174.91698390976052,175.30211073798526,51826900,178.177734375,159,176.76231914519275
2023-09-20,173.29751586914062,177.45490967025808,173.20862883503193,177.02040441249267,58436200,178.0918228149414,160,176.9243990764078
2023-09-21,171.75697326660156,174.09737357666756,171.68785565712008,172.36923745366522,63149100,177.73681564331054,161,177.08647900762287
2023-09-22,172.60621643066406,174.86761425499944,171.87547142547365,172.48772049861157,56725400,177.65830841064454,162,177.24855893883796
2023-09-25,173.88011169433594,174.75899170155245,171.97421669351675,172.02359502231215,46172700,177.53338851928712,163,177.41063887005302
2023-09-26,169.81158447265625,173.01109513731117,169.51532957863083,172.63585300181884,64588900,177.12703018188478,164,177.57271880126808
2023-09-27,168.30068969726562,170.87808171574733,166.93794126401278,170.46333088230946,66921800,176.4510810852051,165,177.73479873248314
2023-09-28,168.55746459960938,169.8807195182162,165.5258128129139,167.2243249736919,56294400,175.61367645263672,166,177.8968786636982
2023-09-29,169.07093811035156,170.9077001905232,168.211797495528,169.87081569769032,51861100,174.79108352661132,167,178.0589585949133
2023-10-02,171.57920837402344,172.12233981703872,168.79443355791753,169.08081880430257,52164500,174.01539688110353,168,178.22103852612835
2023-10-03,170.24607849121094,171.46072207785286,168.6858318118607,170.1078282132375,49594600,173.16120452880858,169,178.38311845734341
2023-10-04,171.4903564453125,172.03348795172127,168.8339619515459,168.9524578917983,53020300,172.70448303222656,170,178.54519838855848
2023-10-05,172.72471618652344,173.25796291419545,170.5225664715738,171.61869897615148,48527900,172.57363815307616,171,178.70727831977354
2023-10-06,175.27249145507812,175.76624458491796,171.016326818613,171.6285909459562,57266700,172.53956985473633,172,178.86935825098863
2023-10-09,176.75375366210938,176.81300162773064,173.60360623261292,174.60098214625398,42390800,172.52130050659179,173,179.0314381822037
2023-10-10,176.16123962402344,177.4746247468579,175.72673446240606,175.87486944103904,43698000,172.62449493408204,174,179.19351811341875
2023-10-11,177.55364990234375,177.60302823490863,175.38113888285298,175.9736336691769,47551100,172.9005043029785,175,179.3555980446338
2023-10-12,178.4522705078125,180.06189553412176,176.80312172309905,177.82026707710477,56743100,173.1458999633789,176,179.51767797584887
2023-10-13,176.6155242919922,179.65703072033497,175.91438812346496,179.15340788479125,51427100,173.33550186157225,177,179.67975790706396
2023-10-16,176.48712158203125,176.84262444155877,174.3047260977915,174.5417330268598,52517000,173.3725326538086,178,179.84183783827902
2023-10-17,174.93675231933594,176.19088966345473,172.61612132571108,174.44299912050275,57549400,173.2777328491211,179,180.00391776949408
2023-10-18,173.6431121826172,175.36137864838344,172.9222367694585,173.3863659573123,54764400,173.2950126647949,180,180.16599770070914
2023-10-19,173.26788330078125,175.6181383369893,173.0012523479638,173.84062376512662,59302900,173.3705581665039,181,180.3280776319242
2023-10-20,170.72007751464844,173.22833664495803,170.4830706009531,173.1197103596996,64244000,173.27625122070313,182,180.4901575631393
2023-10-23,170.83859252929688,171.8359684831129,167.80694090892598,168.77470794688867,55980100,173.12417526245116,183,180.65223749435435
2023-10-24,171.2731170654297,171.50023932449824,169.30797385167378,170.88799016172553,43816600,173.19725189208984,184,180.8143174255694
2023-10-25,168.96231079101562,170.8978144354766,168.5179209624252,169.73256439395493,57157000,173.23033294677734,185,180.97639735678447
2023-10-26,164.804931640625,169.2388405091802,163.600172706508,168.2414494672427,70625300,173.04270629882814,186,181.13847728799956
2023-10-27,166.11830139160156,166.8490614359056,164.745668316651,164.82467062426355,58499100,172.89507446289062,187,181.30055721921462
2023-10-30,168.1624298095703,169.0314401165317,166.7601727667049,166.90830774256386,51131000,172.72423553466797,188,181.46263715042969
2023-10-31,168.636474609375,168.76484019690602,165.80232095364974,167.23421730907862,44846000,172.64375534057618,189,181.62471708164475
2023-11-01,171.7964630126953,172.0532092124064,167.99455793411695,168.86356825336904,56934900,172.6590606689453,190,181.78679701285984
2023-11-02,175.35150146484375,175.5588693503195,173.26786256268767,173.32711052996643,77334800,172.79039993286133,191,181.9488769440749
2023-11-03,174.4429931640625,174.61088250590672,171.18423421755685,172.06311427874405,79829200,172.74892501831056,192,182.11095687528996
2023-11-06,176.99073791503906,177.18823614800198,174.00847994055556,174.17635419198152,63841300,172.76077423095703,193,182.27303680650502
2023-11-07,179.5483856201172,180.1606346460721,176.73398690556192,176.94135477067297,70530000,172.9301315307617,194,182.43511673772008
2023-11-08,180.60504150390625,181.15804266662394,179.3212801943679,180.07179468790036,49340300,173.08270111083985,195,182.59719666893517
2023-11-09,180.13104248046875,181.81966995293175,179.53853262491765,180.67417400336535,53763500,173.16663970947266,196,182.75927660015023
2023-11-10,184.3136749267578,184.48178544542026,181.475802800193,181.9108804268445,66133400,173.55154724121093,197,182.9213565313653
2023-11-13,182.73158264160156,183.9478113332898,182.14818998578377,183.7401702602705,43627500,173.86377029418946,198,183.08343646258035
2023-11-14,185.342041015625,186.00454008995078,184.21480130754796,185.59912547957174,60108400,174.3840347290039,199,183.2455163937954
2023-11-15,185.90565490722656,187.3789832148446,185.67823345303117,185.7474572062222,53790500,174.99716186523438,200,183.4075963250105
2023-11-16,187.5866241455078,188.8226331691939,186.53847581950137,187.44819173837502,54412900,175.7130989074707,201,183.56967625622556
2023-11-17,187.5668487548828,188.24912816814668,186.4593894684262,188.12057839811112,50922700,176.55543746948243,202,183.73175618744062
2023-11-20,189.30715942382812,189.7620174322178,187.75473976876387,187.76462241033667,46505100,177.47886581420897,203,183.89383611865568
2023-11-21,188.5062255859375,189.37638084971888,187.61630503925363,189.2676114417462,38134500,178.34052124023438,204,184.05591604987075
2023-11-22,189.16873168945312,190.77059476808083,188.69410838615653,189.34672485819107,39617700,179.35084228515626,205,184.21799598108583
2023-11-24,187.84375,188.76333367409984,187.13180743837248,188.73367065803237,24048300,180.502783203125,206,184.3800759123009
2023-11-27,187.6657257080078,188.53588093642713,186.78568783853885,187.79427548166112,40552600,181.5801544189453,207,184.54215584351596
2023-11-28,188.2689208984375,188.94131776896225,187.28011350908017,187.65586514519703,38415400,182.58547897338866,208,184.70423577473102
2023-11-29,187.2504425048828,189.93999969621768,186.85492560121705,188.76331653900834,43014200,183.51617736816405,209,184.86631570594608
2023-11-30,187.82394409179688,188.18981305356235,186.08364867108205,187.71517468500207,48794400,184.31755142211915,210,185.02839563716117
2023-12-01,189.0995330810547,189.4159436040849,187.11202054575708,188.19971472368132,45704800,185.00495300292968,211,185.19047556837623
2023-12-04,187.30978393554688,187.92285480104985,185.35194945178898,187.85363103881406,43389500,185.6482925415039,212,185.3525554995913
2023-12-05,191.25509643554688,192.2241233156588,188.05135551468544,188.081033613139,66628400,186.36151046752929,213,185.51463543080635
2023-12-06,190.16741943359375,192.58009647341478,189.95976327032974,192.27356863697858,41089700,186.89246215820313,214,185.6767153620214
2023-12-07,192.09559631347656,192.81742141001197,191.42319951100376,191.46276025185608,47477700,187.46698989868165,215,185.8387952932365
2023-12-08,193.51947021484375,193.79633503305183,191.50229501018384,192.0263616366492,53406400,188.13641128540038,216,186.00087522445156
2023-12-11,191.01776123046875,191.32430412608116,189.27746604866925,190.94855257455626,60943700,188.47161560058595,217,186.16295515566662
2023-12-12,192.5306854248047,192.54056806660662,189.57414602172835,190.9189246189266,52696900,188.9615707397461,218,186.3250350868817
2023-12-13,195.74429321289062,195.7838388648497,192.66910200901862,192.90640609677627,70404200,189.48168334960937,219,186.48711501809674
2023-12-14,195.89259338378906,197.38568681182426,193.96442237725344,195.80360435764135,66831600,189.9810302734375,220,186.64919494931183
2023-12-15,195.35865783691406,196.17935458626624,194.79503045579114,195.3190970971854,128538400,190.3696319580078,221,186.8112748805269
2023-12-18,193.69747924804688,194.42920214917604,192.21426816132805,193.89523770867535,55751900,190.67616348266603,222,186.97335481174196
2023-12-19,194.73570251464844,194.74558515548247,193.69745188302565,193.96443406555753,40714100,190.94759063720704,223,187.13543474295705
2023-12-20,192.6493377685547,195.46742966263125,192.6493377685547,194.69616113684165,52242800,191.15474624633788,224,187.2975146741721
2023-12-21,192.50099182128906,194.87413831888384,191.33420648650613,193.90511142023345,46482500,191.32135925292968,225,187.45959460538717
2023-12-22,191.43310546875,193.2228443252002,190.81015202156473,192.9954077755279,37149600,191.50082702636718,226,187.62167453660223
2023-12-26,190.88925170898438,191.719846217368,190.6717128965979,191.44298138124012,28919300,191.66200332641603,227,187.7837544678173
2023-12-27,190.98812866210938,191.33421726083122,188.95118798803827,190.33552729492325,48087700,191.7979637145996,228,187.94583439903238
2023-12-28,191.41329956054688,192.4812131469618,191.00788498748184,191.96702917839156,34049900,192.0061065673828,229,188.10791433024744
2023-12-29,190.37506103515625,192.2241257878035,189.58401220758475,191.72972215657148,42672100,192.13366241455077,230,188.2699942614625
2024-01-02,183.56219482421875,186.33085840634024,181.83178197139316,185.05528848269014,82488700,191.85679550170897,231,188.43207419267756
2024-01-03,182.18775939941406,183.79952025374087,181.37693010719954,182.15809638511382,58414500,191.60069427490234,232,188.59415412389262
2024-01-04,179.87393188476562,181.04071720671112,178.85546161628733,180.11123597031312,71983600,191.0316360473633,233,188.7562340551077
2024-01-05,179.15211486816406,180.71443234786256,178.1534248404595,179.95306152436652,62379700,190.4808708190918,234,188.91831398632277
2024-01-08,183.4830780029297,183.52263874374273,179.46852282651062,180.0519155054874,59144500,190.05024490356445,235,189.08039391753783
2024-01-09,183.0677947998047,183.07767744176536,180.68476543102267,181.8614486084712,42841800,189.5276611328125,236,189.2424738487529
2024-01-10,184.10601806640625,184.31365913260458,181.8614214601624,182.28661640904596,46792900,189.18207397460938,237,189.40455377996796
2024-01-11,183.51275634765625,184.9564217479187,181.56480461990643,184.45212033242825,49128400,188.73117752075194,238,189.56663371118304
2024-01-12,183.8390350341797,184.64986419021457,183.1172099941003,183.9774674403319,40477800,188.13591461181642,239,189.7287136423981
2024-01-16,181.57470703125,182.19764543114704,178.9049149905355,180.12115895148446,65603000,187.42002029418944,240,189.89079357361317
2024-01-17,180.6352996826172,180.88250149305736,178.2819487070673,179.24109293861534,47317400,186.6838523864746,241,190.05287350482823
2024-01-18,186.51873779296875,187.0230241166397,183.7500741577492,184.00715864056133,78005800,186.3249153137207,242,190.2149534360433
2024-01-19,189.41592407226562,189.80155831594578,186.70660172518024,187.21088801676132,68903000,186.05892639160157,243,190.37703336725838
2024-01-22,191.7198486328125,193.14373357255337,190.10808789018887,190.14764863184953,60133900,186.01245193481446,244,190.53911329847344
2024-01-23,192.9954071044922,193.55903452389106,191.66052626402544,192.83720939883855,42355600,186.03717269897462,245,190.7011932296885
2024-01-24,192.32301330566406,194.18197579456825,192.16480052192722,193.23271418014866,53631300,186.0816680908203,246,190.86327316090356
2024-01-25,191.99671936035156,194.07322080915367,190.94858599423335,193.03497008475262,54822100,186.13704147338868,247,191.02535309211862
2024-01-26,190.2663116455078,192.58011726192578,189.79168833424328,192.09561130867766,44594000,186.1009506225586,248,191.1874330233337
2024-01-29,189.58401489257812,190.04875551955823,187.4580852833725,189.86087972294905,47145600,186.00948638916014,249,191.34951295454877
2024-01-30,185.93531799316406,189.65324309628332,185.37170567810733,188.80286821503816,55859400,185.78749923706056,250,191.51159288576383
2024-01-31,182.33602905273438,185.00582037875986,182.28660076654825,184.9464792769375,55467800,185.72619094848633,251,191.67367281697892
2024-02-01,184.76856994628906,184.8575590001162,181.7626017867558,181.93069725109765,64885400,185.85523147583007,252,191.83575274819398
2024-02-02,183.76986694335938,185.23329771545795,177.2437318686429,177.84690500460306,102551700,186.05002822875977,253,191.99783267940904
2024-02-05,185.57937622070312,187.13181116987633,183.75997412159924,186.04411693236617,69668800,186.37139129638672,254,192.1599126106241
2024-02-06,187.1812286376953,187.19111127921153,184.67954732588265,184.76853636353553,43490800,186.556298828125,255,192.32199254183917
2024-02-07,187.28997802734375,188.91162125480523,186.49892923853312,188.5062066759397,53439000,186.76740798950195,256,192.48407247305425
2024-02-08,186.2122039794922,187.418535043408,185.2530596605407,187.27021997882892,40962000,186.87271728515626,257,192.64615240426932
2024-02-09,186.97454833984375,188.10322646586073,186.13298359451971,186.77652244170517,45155200,187.04580688476562,258,192.80823233548438
2024-02-12,185.29141235351562,186.796321504533,184.9349868995182,186.54880424779185,41781900,187.11842575073243,259,192.97031226669944
2024-02-13,183.20236206054688,184.360756090923,181.68755769129083,183.92512331150874,56529500,187.19980850219727,260,193.1323921979145
2024-02-14,182.32118225097656,183.68748216998677,180.62817288870548,183.47957616063894,54630500,187.28410263061522,261,193.2944721291296
2024-02-15,182.03408813476562,182.65783644316613,179.5490203671251,181.72716915991907,65434500,187.05987014770508,262,193.45655206034465
2024-02-16,180.49948120117188,183.0142649801448,179.86583763061847,181.59845842120637,49752500,186.6140480041504,263,193.6186319915597
2024-02-20,179.7569122314453,180.61826736487214,178.21240712023044,179.984623854957,53665600,186.01590118408203,264,193.78071192277477
2024-02-21,180.5093994140625,181.0737309260645,178.86588113831095,180.13316833455778,41371400,185.39160079956054,265,193.94279185398983
2024-02-22,182.5390167236328,183.12316891523534,180.6479964148563,181.65785591778803,52292200,184.90240097045898,266,194.10487178520492
2024-02-23,180.70741271972656,183.20237592421455,180.42028422645075,183.17267506039363,45119700,184.33793563842772,267,194.26695171641998
2024-02-26,179.3609161376953,180.9450175834942,178.85597124394113,180.43019254491847,40867400,183.79266586303712,268,194.42903164763504
2024-02-27,180.8163299560547,182.09351248592515,177.77681047698752,179.30152539649055,54318900,183.35428161621093,269,194.5911115788501
2024-02-28,179.6183319091797,181.30144633523983,178.34114943443706,180.69750358801915,48953900,183.0384323120117,270,194.75319151006516
2024-02-29,178.95498657226562,180.75691955299587,177.74710108364005,179.4698267249393,136682600,182.86938018798827,271,194.91527144128025
2024-03-01,177.87582397460938,178.7371792855814,175.61846756104012,177.76691576574171,73563100,182.5247428894043,272,195.07735137249531
2024-03-04,173.36111450195312,175.14322688917085,172.06411122315788,174.40067502541135,81510100,182.004305267334,273,195.23943130371038
2024-03-05,168.43052673339844,170.3314573247722,167.9354922531265,169.06417026385637,95132400,181.14686279296876,274,195.40151123492544
2024-03-06,167.4404754638672,169.53943215491887,167.00484265804033,169.36121186741923,68587700,180.15982513427736,275,195.5635911661405
2024-03-07,167.32167053222656,169.0344857697736,166.81674075207243,167.47017484778516,71765100,179.1614097595215,276,195.7256710973556
2024-03-08,169.0345001220703,171.97500667784078,167.2622830078253,167.3216847390924,76267000,178.3025245666504,277,195.88775102857065
2024-03-11,171.034423828125,172.64824117092596,170.34137853305091,171.22253935977105,60139500,177.50551834106446,278,196.0498309597857
2024-03-12,171.50967407226562,172.30173241116674,169.31171935776177,171.43046672764987,59825400,176.81643142700196,279,196.2119108910008
2024-03-13,169.43051147460938,171.4700511814422,169.0641756745517,171.05422401757613,52488700,176.1278388977051,280,196.37399082221583
2024-03-14,171.28195190429688,172.57893998999515,170.34138929390355,171.19284931228447,72913500,175.57587738037108,281,196.53607075343092
2024-03-15,170.9057159423828,170.9057159423828,168.59885322457814,169.47011882986195,121752700,175.01945877075195,282,196.69815068464598
2024-03-18,171.9947967529297,175.94517770513775,171.7967859641753,173.82643054023092,75604200,174.59422454833984,283,196.86023061586104
2024-03-19,174.33135986328125,174.85609525037736,171.31164624406932,172.6086342803731,55215200,174.32294692993165,284,197.02231054707613
2024-03-20,176.8956298828125,176.8956298828125,173.3511809805003,173.97492929704185,53423100,174.14225845336915,285,197.1843904782912
2024-03-21,169.66812133789062,175.72735394947048,169.14338597139206,175.29172116809335,106181300,173.49871368408202,286,197.34647040950625
2024-03-22,170.56910705566406,171.33146450930536,168.37115239719608,170.05426688241553,71160100,172.9917984008789,287,197.5085503407213
2024-03-25,169.15330505371094,170.2324767040703,167.76719930445816,168.87608692531137,54288300,172.48141784667968,288,197.67063027193637
2024-03-26,168.02462768554688,169.71763732680742,167.8959138727621,168.31174106723407,57388400,171.8418327331543,289,197.83271020315146
2024-03-27,171.58885192871094,171.87598039200594,168.42063422483255,168.7176579392829,60273300,171.44035873413085,290,197.99479013436653
2024-03-28,169.77703857421875,170.51959037094832,168.81667037520143,170.0443614510728,65672700,170.98146133422853,291,198.1568700655816
2024-04-01,168.34146118164062,169.54934678777494,167.79692011211174,169.48994505423667,46240500,170.50474319458007,292,198.31894999679665
2024-04-02,167.1632537841797,167.65828830624176,166.55931106297376,167.40087579338118,49329500,170.1948501586914,293,198.4810299280117
2024-04-03,167.9652099609375,168.98497988400436,166.90584392266877,167.11374996517486,47691700,170.17158432006835,294,198.6431098592268
2024-04-04,167.14346313476562,170.21266810452119,167.14346313476562,168.59885072968464,53704400,170.15673370361327,295,198.80518979044186
2024-04-05,167.89590454101562,168.69785802201392,167.27215623034843,167.90579979250484,42104800,170.18544540405273,296,198.96726972165692
2024-04-08,166.77713012695312,167.51968192191484,166.5692240844266,167.3513719945941,37425500,170.07257690429688,297,199.12934965287198
2024-04-09,167.98501586914062,168.39094781013864,166.67813256359855,167.02464767080627,42373800,169.92010650634765,298,199.29142958408704
2024-04-10,166.11378479003906,167.4107728345435,165.45044033625643,167.12365945587084,49709300,169.65031204223632,299,199.45350951530213
2024-04-11,173.3016815185547,173.7175238179071,166.49001666248702,166.66822184170525,91070300,169.8438705444336,300,199.6155894465172
2024-04-12,174.7967071533203,176.58872985356905,172.47994902506244,172.52944039553972,101670900,170.01960830688478,301,199.77766937773225
2024-04-15,170.9750213623047,174.8758957155582,170.78690583147454,173.6185038309996,73531800,170.02307357788087,302,199.9397493089473
2024-04-16,167.69790649414062,172.0343988146065,166.59892920522176,170.04436539186383,73711200,169.8082290649414,303,200.10182924016237
2024-04-17,166.33160400390625,168.95528100035153,166.33160400390625,167.9256158132339,50901200,169.40824127197266,304,200.26390917137746
2024-04-18,165.38111877441406,166.96523521407434,164.8959946340493,166.36129252101995,43122900,168.83251571655273,305,200.42598910259252
2024-04-19,163.3614044189453,164.7474951408098,162.4505426435407,164.55939469854349,68149400,168.51717987060547,306,200.58806903380759
2024-04-22,164.1930389404297,165.59893510418706,163.13367296874276,163.8762247169617,48116400,168.19837646484376,307,200.75014896502265
2024-04-23,165.2425079345703,165.391027347015,163.28217556978177,163.7079130900853,49537800,168.00283660888672,308,200.9122288962377
2024-04-24,167.3414764404297,167.6186945681344,164.55938480415762,164.88609429896647,48251800,167.96867904663085,309,201.0743088274528
2024-04-25,168.2028350830078,168.9156860278579,166.4801094484109,167.84640961058278,50558300,167.79937820434571,310,201.23638875866786
2024-04-26,167.61866760253906,169.63840150907166,167.49984906174126,168.19290937676217,44838400,167.69145965576172,311,201.39846868988292
2024-04-29,171.7769775390625,174.28185098854456,171.38095596804143,171.64826373021612,68169400,167.8632354736328,312,201.560548621098
2024-04-30,168.6384735107422,173.2521991943247,168.31174889120035,171.60868084411632,65934800,167.93699645996094,313,201.72262855231307
2024-05-01,167.61866760253906,170.99480617347464,167.43055209459067,167.89588568564642,50383100,167.919669342041,314,201.88470848352813
2024-05-02,171.3116455078125,171.69777183075684,169.19289835753364,170.79680537480178,94214900,168.12807846069336,315,202.0467884147432
2024-05-03,181.55886840820312,185.14291355827163,180.84601747897057,184.7963833456082,163224100,168.81122665405275,316,202.20886834595825
2024-05-06,179.9054718017578,182.37073431535399,178.62827413884693,180.53911545314375,78569700,169.46764373779297,317,202.37094827717334
2024-05-07,180.5885772705078,183.0637497391675,179.5193160584302,181.62815272879564,77305800,170.09782180786132,318,202.5330282083884
2024-05-08,180.9252471923828,181.25197183429347,179.64804949152685,181.03415540635302,45057100,170.83839492797853,319,202.69510813960346
2024-05-09,182.737060546875,182.82616313989396,180.30148392023486,180.74701199258516,48983000,171.31016387939454,320,202.85718807081852
2024-05-10,181.4779510498047,183.50042466657956,180.56585391849484,183.3120539854214,50759500,171.64422607421875,321,203.01926800203358
2024-05-13,184.68019104003906,185.4931559868038,183.03444380225457,183.84740874901934,72044800,172.32948455810546,322,203.18134793324867
2024-05-14,185.82034301757812,186.6828817403559,184.6901339480471,185.89965779253163,52393600,173.23560638427733,323,203.34342786446373
2024-05-15,188.0906982421875,189.01270420161362,185.76087383759318,186.2962448244031,70400000,174.3235610961914,324,203.5055077956788
2024-05-16,188.2096405029297,189.458829238671,188.03119361367854,188.83423487080034,52845200,175.4649871826172,325,203.66758772689386
2024-05-17,188.2393798828125,189.1713095252472,187.55530322495105,187.8824709799172,41282900,176.70888595581056,326,203.82966765810892
2024-05-20,189.3993377685547,190.2717851507536,187.38677266186554,187.70403175639103,44361300,177.9692008972168,327,203.991747589324
2024-05-21,190.69808959960938,191.07481584379752,189.28036268210627,189.44890089382775,42309400,179.24197998046876,328,204.15382752053907
2024-05-22,189.26052856445312,191.16405275409193,188.63594934473116,190.61877317517173,34648500,180.33793258666992,329,204.31590745175413
2024-05-23,185.27505493164062,189.35966699130785,185.0272019643745,189.33983451815809,51005900,181.19154357910156,330,204.4779873829692
2024-05-24,188.3484344482422,188.94328765804346,186.42509288132968,187.19840810516956,36327000,182.22803192138673,331,204.64006731418425
2024-05-28,188.3583526611328,191.34249703943843,187.47599667367734,189.86528785982966,52280100,183.05710067749024,332,204.80214724539934
2024-05-29,188.65577697753906,190.59895109353056,187.8824768517226,187.98162409974876,53068000,184.05796585083007,333,204.9642271766144
2024-05-30,189.64718627929688,190.52954231443272,188.99286588586446,189.12173915319045,49889100,185.15939178466797,334,205.12630710782946
2024-05-31,190.59893798828125,190.9161970579539,188.2790377703441,189.79589676882185,75158300,186.1237564086914,335,205.28838703904452
2024-06-03,192.36366271972656,193.31542486412093,190.86663609575578,191.24336235629542,50080500,186.66399612426758,336,205.45046697025958
2024-06-04,192.680908203125,193.64257895328527,191.37223723797064,192.96841099700254,47471400,187.30276794433593,337,205.61254690147467
2024-06-05,194.1878662109375,195.20901937445223,193.19645419760306,193.72190135445058,54156800,187.98273239135742,338,205.77462683268973
2024-06-06,192.80979919433594,194.8124556459051,192.5024638984892,194.0094143560484,41181800,188.57695999145508,339,205.9367067639048
2024-06-07,195.1990966796875,195.24867030234284,192.47271383884646,192.97832848334124,53103900,189.2000617980957,340,206.09878669511988
2024-06-10,191.4614715576172,195.60558138834554,190.49980075281104,195.20900753042525,97010200,189.69923782348633,341,206.26086662633492
2024-06-11,205.3709716796875,205.38089548057218,191.96709351098235,191.98691085726122,172373300,190.73377685546876,342,206.42294655755
2024-06-12,211.24014282226562,218.30889945026047,205.1231180281253,205.58908283581826,198134300,192.00476684570313,343,206.58502648876507
2024-06-13,212.4000701904297,214.88850837078886,209.78274363476027,212.8957760920924,97862700,193.22023544311523,344,206.74710641998013
2024-06-14,210.6651153564453,213.32209192759066,209.48533280144244,212.01343611534222,70122700,194.343009185791,345,206.90918635119522
2024-06-17,214.8092498779297,217.06966817138198,210.8931752545736,211.53758704443374,93728300,195.67150268554687,346,207.07126628241028
2024-06-18,212.4496612548828,216.75240063817128,211.1707464886947,215.72132373307375,79943300,196.8240188598633,347,207.23334621362534
2024-06-20,207.8792266845703,212.40007736780652,207.0563681724187,212.0927269910851,86172500,197.68307571411134,348,207.3954261448404
2024-06-21,205.70806884765625,210.07027533194446,205.33132746963062,208.58315742215362,241805100,198.50545272827148,349,207.55750607605546
2024-06-24,206.3524932861328,210.87332959032133,204.8158016590104,205.93610206103614,80727000,199.5593246459961,350,207.71958600727055
2024-06-25,207.27452087402344,209.56468024841507,206.8184646829133,207.35382052419757,55549700,200.50562896728516,351,207.8816659384856
2024-06-26,211.41859436035156,213.01476817493463,208.8310086144187,209.68362348048936,66213200,201.65864105224608,352,208.04374586970067
2024-06-27,212.26129150390625,213.88720639689362,210.52632069800987,212.84622088780682,49772700,202.83891677856445,353,208.20582580091573
2024-06-28,208.81117248535156,214.21437951883613,208.4939285392998,213.91695291908772,82542700,203.7971160888672,354,208.3679057321308
2024-07-01,214.8885498046875,215.64201747450758,210.10002805599396,210.26856627972688,60402900,205.0115966796875,355,208.52998566334588
2024-07-02,218.3782958984375,218.48735180877674,213.2526983679821,214.293668724795,58046200,206.31232833862305,356,208.69206559456094
2024-07-03,219.64730834960938,219.64730834960938,217.14894613859082,218.11061688690268,37369800,207.66064834594727,357,208.854145525776
2024-07-05,224.3961639404297,224.5052198536283,219.7464397478406,219.7464397478406,60412400,209.1710632324219,358,209.01622545699107
2024-07-08,225.8634796142578,225.89322076278884,221.3327197032473,225.13973799267995,59085900,210.82374725341796,359,209.17830538820613
2024-07-09,226.71607971191406,227.42989753320916,224.4259205051531,225.97252074204383,48076100,212.39959640502929,360,209.34038531942122
2024-07-10,230.97915649414062,231.0783037422216,227.28119408246098,227.3307677065015,62627700,214.37548065185547,361,209.50246525063628
2024-07-11,225.61561584472656,230.39421338925845,223.83107137940016,229.40280147827102,64710600,215.38771286010743,362,209.66454518185134
2024-07-12,228.56008911132812,230.64206011910093,226.71606240173486,226.9540066999144,53046500,216.25371017456055,363,209.8266251130664
2024-07-15,232.386962890625,235.1926606193721,231.0882156126273,234.44910163171727,62631300,217.2530548095703,364,209.98870504428146
2024-07-16,232.80335998535156,234.24090427881208,230.33473879844306,232.98180687397965,43234300,218.35996704101564,365,210.15078497549655
2024-07-17,226.9143524169922,229.47219684306242,224.6935843942369,227.47944931340314,57345900,218.96522216796876,366,210.3128649067116
2024-07-18,222.25474548339844,228.46099458072425,220.36115997030524,228.30236502251043,66034600,219.45547637939453,367,210.47494483792667
2024-07-19,222.38363647460938,224.85225794685087,221.36248326433122,222.88926630632307,49151500,220.1806968688965,368,210.63702476914173
2024-07-22,222.03663635253906,225.82382229500527,221.17409763275575,225.06043082550624,48201800,220.99712524414062,369,210.7991047003568
2024-07-23,223.0775909423828,224.9910238167192,220.76759935066607,222.44308791792702,39960300,221.83338012695313,370,210.96118463157188
2024-07-24,216.6631622314453,222.86941075843336,215.26528287042115,222.07627816799848,61777600,222.3028121948242,371,211.12326456278694
2024-07-25,215.62217712402344,218.95332167523742,212.77681471652627,217.0497975364767,51391200,222.51299133300782,372,211.285344494002
2024-07-26,216.08815002441406,217.6050090608147,214.15488466672127,216.8217851678197,41601300,222.7043342590332,373,211.4474244252171
2024-07-29,216.36575317382812,217.41664743865044,213.8971319294418,215.09674706599597,36311800,223.08206329345703,374,211.60950435643213
2024-07-30,216.92092895507812,218.43778796730905,214.2639371695869,217.3075789949067,41643800,223.18368225097657,375,211.77158428764722
2024-07-31,220.17276000976562,221.89782218872546,218.7352157578384,219.53825698895486,50036300,223.27340545654297,376,211.93366421886228
2024-08-01,216.48471069335938,222.55214689360594,215.15622233135366,222.44309097566543,62501000,223.11527557373046,377,212.09574415007734
2024-08-02,217.97181701660156,223.6625266661827,215.8402875210575,217.26790792406092,105568600,222.79405822753907,378,212.25782408129243
2024-08-05,207.47279357910156,211.6664621054212,194.3167520967801,197.3802115476467,119548600,221.87452392578126,379,212.4199040125075
2024-08-06,205.45028686523438,208.18659343179937,199.34320096724198,203.53686913101606,69660500,220.81123428344728,380,212.58198394372255
2024-08-07,208.01806640625,211.80525225793107,204.61751548926864,205.12313014700663,63516400,219.66317977905274,381,212.7440638749376
2024-08-08,211.47808837890625,212.36044444161047,207.0365669160157,211.27980900719393,47161100,218.95630340576173,382,212.90614380615267
2024-08-09,214.38291931152344,214.91827509282652,210.1495861717322,210.2784745623819,42201600,218.2474449157715,383,213.06822373736776
2024-08-12,215.9114532470703,217.8767166928247,213.99582080224636,214.46232494953352,38028100,217.42366943359374,384,213.23030366858282
2024-08-13,219.62364196777344,220.23902400333975,217.38044783379533,217.38044783379533,44155300,216.76468353271486,385,213.39238359979788
2024-08-14,220.0703125,221.37056313371255,218.06533789669703,218.92887503482297,41960600,216.42248153686523,386,213.55446353101294
2024-08-15,223.0479736328125,223.67329096872731,221.10255033510867,222.9288713384501,46414000,216.46214294433594,387,213.716543462228
2024-08-16,224.3680877685547,225.1422830006272,221.98593577772976,222.25393109506462,44340200,216.5613655090332,388,213.8786233934431
2024-08-19,224.20925903320312,224.30852103873067,221.38045847347976,224.0405257400108,40687800,216.6699966430664,389,214.04070332465815
2024-08-20,224.8246307373047,225.4797235950926,223.77252016614798,224.09014645304697,30299000,216.7573486328125,390,214.20278325587321
2024-08-21,224.7154541015625,226.2836998547364,223.37550792716294,224.83457153469638,34765500,217.15996322631835,391,214.36486318708828
2024-08-22,222.85939025878906,226.64103964823346,222.23407290784718,226.09512887719345,43695300,217.52182388305664,392,214.52694311830334
2024-08-23,225.1521759033203,226.52191275369313,222.66085720360698,223.98096305377334,38677300,217.97502517700195,393,214.68902304951843
2024-08-26,225.48965454101562,225.58891654674125,222.22414052811973,225.0727813784282,30602200,218.43122024536132,394,214.8511029807335
2024-08-27,226.3333282470703,227.14723425887112,223.21669220638537,224.31843379232603,35934600,218.90184020996094,395,215.01318291194855
2024-08-28,224.80479431152344,228.14971479709,224.0008084384826,226.22414704916858,38052200,219.13344192504883,396,215.17526284316364
2024-08-29,228.0802459716797,231.18696212304621,227.1770283167567,228.3879521456165,51906300,219.71321868896484,397,215.33734277437867
2024-08-30,227.29612731933594,228.68570457235603,225.78743262658827,228.4772755570311,52990800,220.17943420410157,398,215.49942270559376
2024-09-03,221.1124725341797,227.29611365629745,219.52437135882835,226.84946493362216,50190600,220.86141815185547,399,215.66150263680882
2024-09-04,219.20677185058594,220.12984491677884,215.86183603349318,220.01074262314262,43840200,221.54924240112305,400,215.82358256802388
2024-09-05,220.72537231445312,223.80229748015876,219.87177059333374,219.9809527371486,36615400,222.1846076965332,401,215.98566249923897
2024-09-06,219.17701721191406,223.5641288078718,218.1348266072838,222.28371844795942,48423000,222.5695541381836,402,216.147742430454
2024-09-09,219.2663116455078,219.62363365317324,215.0975649862482,219.17698492990527,67180000,222.8137237548828,403,216.3098223616691
2024-09-10,218.47225952148438,219.83206111139577,215.1174037589381,217.29111136152258,51591000,222.9417640686035,404,216.47190229288415
2024-09-11,221.00328063964844,221.43007391385896,216.2687680395375,219.81221238330573,44587100,223.01074600219727,405,216.6339822240992
2024-09-12,221.1124725341797,221.88666769221828,218.18442519080247,220.8444772424724,37455600,223.06285400390624,406,216.7960621553143
2024-09-13,220.84449768066406,222.37303270856336,220.25889118684435,221.9164638014437,36766600,222.95268020629882,407,216.95814208652934
2024-09-16,214.71047973632812,215.60377723416104,212.32832783334672,214.92882889414335,59357400,222.4697998046875,408,217.12022201774442
2024-09-17,215.1769561767578,215.2861383219032,212.90400170360138,214.14470101422842,45519300,222.01818466186523,409,217.28230194895949
2024-09-18,219.04795837402344,221.05293280374121,215.92138686335736,215.9313221513165,59894900,221.72935104370117,410,217.44438188017455
2024-09-19,227.1671142578125,228.1100580083486,222.95867118282095,223.31599325006152,66781300,221.85193405151367,411,217.60646181138964
2024-09-20,226.5020751953125,231.3556905514529,225.92638886705737,228.2589097535001,318679900,222.03406829833983,412,217.76854174260467
2024-09-23,224.7849578857422,227.74278104335218,224.12986496132828,225.64847983003366,54146000,222.01570739746094,413,217.93062167381976
2024-09-24,225.67825317382812,227.64353192764617,224.05045616714196,226.94872814757065,43556100,222.02513732910157,414,218.09270160503482
2024-09-25,224.68568420410156,225.59883710649478,222.35317851779175,223.2563961324406,42308700,221.94275512695313,415,218.25478153624988
2024-09-26,225.8271484375,226.79985253593196,223.73284722402752,225.608784129346,36636700,221.99387283325194,416,218.41686146746497
2024-09-27,226.09510803222656,227.81224676693589,225.60876359989413,226.76013618443497,34026000,221.8946159362793,417,218.57894139868003
2024-09-30,231.266357421875,231.266357421875,227.9412771261621,228.3283747151782,54541900,222.09312744140624,418,218.7410213298951
2024-10-01,224.52688598632812,227.9412778656533,222.07526286618742,227.81225543239978,63285000,222.26384811401368,419,218.90310126111015
2024-10-02,225.09263610839844,225.67824256269316,221.360617941662,224.20925878310885,32880600,222.5581413269043,420,219.0651811923252
2024-10-03,223.99090576171875,225.12242301224842,221.65839996957536,223.4648504260935,34044200,222.72141799926757,421,219.2272611235403
2024-10-04,225.1125030517578,226.30357145139808,222.46237094034984,226.20430944090455,37245100,223.01819229125977,422,219.38934105475536
2024-10-07,220.04049682617188,224.01073444452058,219.68317483471031,222.8295863298211,39505400,223.05690155029296,423,219.55142098597042
2024-10-08,224.0901641845703,224.298593199742,221.58890998571715,222.63110049734397,31855700,223.33779678344726,424,219.7135009171855
2024-10-09,227.8321075439453,228.04055170887608,223.1571606453159,223.554178398676,33591100,223.67923812866212,425,219.87558084840055
2024-10-10,227.3358154296875,227.7923994519787,225.47973405841245,226.0851959438118,28183500,223.9904052734375,426,220.03766077961563
2024-10-11,225.85691833496094,227.70307961960657,225.6484741750507,227.5938974682738,31759200,224.24102630615235,427,220.1997407108307
2024-10-14,229.57901000976562,230.0058033150611,226.89910245149323,226.99834931201846,39882100,224.9844528198242,428,220.36182064204576
2024-10-15,232.11004638671875,235.7229623804217,230.6410474142004,231.87182665313995,64751400,225.83110733032225,429,220.52390057326085
2024-10-16,230.05543518066406,230.3929017691756,228.12986736523644,229.87678174389526,34082200,226.3814811706543,430,220.68598050447588
2024-10-17,230.42266845703125,232.1100316250369,228.80480686495974,231.69314333147315,32993800,226.54425888061525,431,220.84806043569097
2024-10-18,233.25149536132812,234.4227083661851,232.2688559498539,234.4227083661851,46431500,226.88172988891603,432,221.01014036690603
2024-10-21,234.720458984375,235.08771628667242,232.7055644739604,232.7055644739604,36254500,227.37850494384764,433,221.1722202981211
2024-10-22,234.1050567626953,234.4623787465114,230.86931862526646,232.14971356587586,38846600,227.79984512329102,434,221.33430022933618
2024-10-23,229.04299926757812,233.39041424004768,226.06532109909307,232.33830371042365,52287000,228.01771087646483,435,221.4963801605512
2024-10-24,228.8544464111328,229.10258628095696,226.71051430099084,228.26882480795348,31109500,228.1690757751465,436,221.6584600917663
2024-10-25,229.68820190429688,231.484732210271,227.86189602437614,228.03062932515897,38802300,228.34873046875,437,221.82054002298136
2024-10-28,231.6633758544922,232.98348177622344,230.81970938626554,231.5839844241638,36087100,228.36858139038085,438,221.98261995419642
2024-10-29,231.93136596679688,232.5864588417728,230.59141979007921,231.36561495313973,35417200,228.7388053894043,439,222.1446998854115
2024-10-30,228.387939453125,231.7328600109945,227.8420287171323,230.87925826342104,47070900,228.90357055664063,440,222.30677981662654
2024-10-31,224.22909545898438,228.11992645086093,223.69310490697208,227.63356689740596,64370100,228.9154800415039,441,222.46885974784163
2024-11-01,221.2514190673828,223.67326642200996,218.6310628621847,219.32585141181025,65276700,228.72242584228516,442,222.6309396790567
2024-11-04,220.35812377929688,221.13231895883285,218.0752491010658,219.34572401852256,44944500,228.7383071899414,443,222.79301961027176
2024-11-05,221.7874298095703,222.28370958768312,219.49461965793014,220.14971259990074,28111300,228.6231704711914,444,222.95509954148685
2024-11-06,221.06283569335938,224.38791581537038,219.54422098922427,220.95365355112233,54561100,228.28470687866212,445,223.11717947270188
2024-11-07,225.78741455078125,226.18444740932767,222.8990781242877,222.95862926675593,42137700,228.2072868347168,446,223.27925940391697
2024-11-08,225.51914978027344,227.20835428792034,224.9726384261151,225.72780810336752,38328800,228.1903984069824,447,223.44133933513203
2024-11-11,222.8064727783203,224.26714170400084,220.0938084143074,223.57158868270503,42005600,227.85177154541014,448,223.6034192663471
2024-11-12,222.8064727783203,224.15783943194586,221.9420008205612,223.12444853772337,40398300,227.38659286499023,449,223.76549919756218
2024-11-13,223.69082641601562,225.2111120360391,221.34580821096,222.58787261698694,48566200,227.0683624267578,450,223.92757912877724
2024-11-14,226.77114868164062,227.41701609796436,223.57158960851197,223.59146688403666,44923900,226.8857864379883,451,224.0896590599923
2024-11-15,223.5715789794922,225.4793879673537,222.84621765747355,224.96268496170848,47923700,226.40179061889648,452,224.25173899120736
2024-11-18,226.5724334716797,228.28151537171908,223.74052045447314,223.82001439888424,44633700,225.99438934326173,453,224.41381892242242
2024-11-19,226.83074951171875,228.69881907074455,225.22103903072198,225.53899960732684,36211800,225.63067398071288,454,224.5758988536375
2024-11-20,227.54620361328125,228.4702922716314,224.45594670445817,226.61216873586113,35169600,225.55583419799805,455,224.73797878485257
2024-11-21,227.0692596435547,228.6988476019872,224.27710117470866,227.42697481306035,42108300,225.46657485961913,456,224.90005871606763
2024-11-22,228.41067504882812,229.25528492407807,226.61216818417898,226.61216818417898,38168300,225.4026985168457,457,225.06213864728272
2024-11-25,231.39163208007812,231.76922452168117,228.2815130321861,229.99059491471002,90152800,225.389111328125,458,225.22421857849776
2024-11-26,233.56773376464844,234.07450576495518,231.8487208075284,231.8487208075284,45986200,225.47092971801757,459,225.38629850971284
2024-11-27,233.43853759765625,234.1937224347506,232.32565277909848,232.9814664022851,33498400,225.72345962524415,460,225.5483784409279
2024-11-29,235.8233184814453,236.3002669685808,232.48464874765904,233.31931239062584,28481400,226.30317077636718,461,225.71045837214297
2024-12-02,238.06893920898438,239.26131787624368,235.65437354492806,235.76367580720535,48137100,227.14404678344727,462,225.87253830335806
2024-12-03,241.1095428466797,241.21884512379424,237.38334952948236,238.2875760799829,38861000,228.1816177368164,463,226.0346182345731
2024-12-04,241.4672393798828,242.5602620666903,239.71841824290905,241.32812877991805,44383900,229.16560821533204,464,226.19669816578818
2024-12-05,241.49703979492188,242.9875169579372,240.59282850575005,242.44102079436578,40033900,230.18731842041015,465,226.35877809700324
2024-12-06,241.29832458496094,243.0769692456264,240.5431549096241,241.36788746709487,36870600,230.96286392211914,466,226.5208580282183
2024-12-09,245.18350219726562,245.67039687977774,240.21524480725012,240.29473874492055,44649200,231.94608154296876,467,226.6829379594334
2024-12-10,246.197021484375,246.63423054379348,243.78244060146582,245.32260336553807,36914800,233.1156089782715,468,226.84501789064842
2024-12-11,244.9251708984375,249.20780656351602,244.69662013013263,246.3858398593606,45205800,234.22154388427734,469,227.0070978218635
2024-12-12,246.38583374023438,247.1608807008323,244.12029436088807,245.32261935264157,32777500,235.35629425048828,470,227.16917775307857
2024-12-13,246.55474853515625,247.70737273801882,244.67674782957272,246.24671899982582,33155300,236.34547424316406,471,227.33125768429363
2024-12-16,249.44625854492188,249.78411156803347,246.07778066556844,246.41563368868003,51694800,237.63920822143555,472,227.49333761550872
2024-12-17,251.8707733154297,252.21855739876366,248.19426586582333,248.49236434269267,51356400,238.90412521362305,473,227.65541754672375
2024-12-18,246.47525024414062,252.66569465886903,246.16722071424974,250.559158393614,56774100,239.88635025024413,474,227.81749747793884
2024-12-19,248.20420837402344,250.4001849209636,245.52135228225407,245.92875304737495,60882300,240.91925048828125,475,227.9795774091539
2024-12-20,252.87435913085938,253.3811159043778,244.13022347118752,246.46529524609687,147495300,242.2095054626465,476,228.14165734036897
2024-12-23,253.6494140625,254.02699130961165,251.84096111600803,253.15258832932108,40858800,243.47144241333007,477,228.30373727158405
2024-12-24,256.5608215332031,256.5707374276886,253.66927695641888,253.868019379837,23234700,244.72990188598632,478,228.46581720279912
2024-12-26,257.3755798339844,258.44874034869076,255.99442012888886,256.55086249805703,27237100,245.92029418945313,479,228.62789713401418
2024-12-27,253.96739196777344,257.05766400729357,251.45345479939442,256.19316170058187,42355300,246.94673690795898,480,228.78997706522924
2024-12-30,250.59890747070312,251.890657464443,249.15811581542044,250.6287158030117,35557500,247.68551635742188,481,228.9520569964443
2024-12-31,248.83021545410156,251.6720594492945,247.84649497663966,250.83739579916153,39480700,248.22358016967775,482,229.1141369276594
